{"cameraMode":{"drawMode":0,"name":"Shaded","section":"Shading Mode"},"sceneLighting":false,"audioPlay":false,"sceneViewState":{"showFog":false,"showMaterialUpdate":false,"showSkybox":false,"showFlares":false,"showImageEffects":false,"showParticleSystems":false},"in2DMode":false,"pivot":{"x":2.48947811126709,"y":2.3596737384796144,"z":27.139774322509767},"rotation":{"x":-0.35611701011657717,"y":-0.4465857148170471,"z":0.19975948333740235,"w":-0.7961411476135254},"size":2.423565149307251,"orthographic":false}