{"cameraMode":{"drawMode":0,"name":"Shaded","section":"Shading Mode"},"sceneLighting":false,"audioPlay":false,"sceneViewState":{"showFog":false,"showMaterialUpdate":false,"showSkybox":false,"showFlares":false,"showImageEffects":false,"showParticleSystems":false},"in2DMode":false,"pivot":{"x":0.0,"y":3.6700000762939455,"z":41.88800048828125},"rotation":{"x":0.5043349862098694,"y":0.003360977629199624,"z":-0.0019634575583040716,"w":0.8635135293006897},"size":5.653641223907471,"orthographic":false}