{"cameraMode":{"drawMode":0,"name":"Shaded","section":"Shading Mode"},"sceneLighting":false,"audioPlay":false,"sceneViewState":{"showFog":false,"showMaterialUpdate":false,"showSkybox":false,"showFlares":false,"showImageEffects":false,"showParticleSystems":false},"in2DMode":false,"pivot":{"x":-0.30000001192092898,"y":0.9800276756286621,"z":134.10000610351563},"rotation":{"x":-0.264631450176239,"y":-0.6947213411331177,"z":0.3102436363697052,"w":-0.5925423502922058},"size":34.20063400268555,"orthographic":false}