{"cameraMode":{"drawMode":0,"name":"Shaded","section":"Shading Mode"},"sceneLighting":false,"audioPlay":false,"sceneViewState":{"showFog":false,"showMaterialUpdate":false,"showSkybox":false,"showFlares":false,"showImageEffects":false,"showParticleSystems":false},"in2DMode":false,"pivot":{"x":20.001998901367189,"y":19.073654174804689,"z":25.2394962310791},"rotation":{"x":-0.19008122384548188,"y":0.6614022254943848,"z":-0.17878998816013337,"w":-0.7031723260879517},"size":13.003335952758789,"orthographic":false}